order	fraction
1	0.035473
2	0.201001
3	0.763527
